agent,all_time_score,recent_score,delta,weight_delta
balanced,10.044388,3.373044,-6.671344,0.0052
cold,6.801675,1.057128,-5.744547,0.0058
cycle,22.900888,8.286018,-14.61487,0.0007
hot,26.24051,13.350442,-12.890068,0.0017
missing,16.728636,2.271042,-14.457594,0.0008
random,10.91696,3.190608,-7.726352,0.0046
sum,37.296413,7.483252,-29.813161,-0.0078
zone,54.600372,19.199676,-35.400696,-0.011
