agent,all_time_score,recent_score,delta,weight_delta
balanced,8.682929,5.583966,-3.098963,-0.0163
cold,6.362919,4.460984,-1.901935,-0.01
cycle,7.133126,5.34291,-1.790216,-0.0094
hot,9.861816,6.143576,-3.71824,-0.0195
missing,6.642551,4.514016,-2.128535,-0.0112
random,8.496474,5.96832,-2.528154,-0.0133
sum,6.711728,4.857624,-1.854104,-0.0097
zone,10.352149,6.547861,-3.804288,-0.02
