agent,all_time_score,recent_score,delta,weight_delta
balanced,7.738606,1.067262,-6.671344,0.0054
cold,6.256848,0.512301,-5.744547,0.0059
cycle,18.04864,2.425767,-15.622873,0.0006
hot,19.613764,4.518375,-15.095389,0.0008
missing,15.497649,1.040055,-14.457594,0.0012
random,9.175667,0.65709,-8.518577,0.0044
sum,34.990606,5.177445,-29.813161,-0.0071
zone,40.888566,3.86592,-37.022646,-0.011
