agent,all_time_score,recent_score,delta,weight_delta
balanced,0.415425,0.415425,0.0,0.0
cold,0.137486,0.137486,0.0,0.0
cycle,0.140104,0.140104,0.0,0.0
hot,0.436202,0.436202,0.0,0.0
lstm,0.124812,0.124812,0.0,0.0
missing,0.134429,0.134429,0.0,0.0
random,0.246413,0.246413,0.0,0.0
sum,0.266314,0.266314,0.0,0.0
zone,0.29716,0.29716,0.0,0.0
