{
  "version": 1,
  "matrix_type": "10_red_guard_6_to_5",
  "row_weights": {
    "5": 0.223684,
    "1": 0.223684,
    "2": 0.219298,
    "3": 0.175439,
    "4": 0.157895
  },
  "row_scores": {
    "5": 1.214286,
    "1": 1.214286,
    "2": 1.190476,
    "3": 0.952381,
    "4": 0.857143
  },
  "origin": "analyze_archive"
}