agent,all_time_score,recent_score,delta,weight_delta
balanced,9.563476,5.108159,-4.455317,-0.02
cold,7.001145,3.21063,-3.790515,-0.017
cycle,10.462837,6.192448,-4.270389,-0.0192
hot,10.563634,9.364632,-1.199002,-0.0054
missing,8.943823,4.666998,-4.276825,-0.0192
random,7.265845,5.443043,-1.822802,-0.0082
sum,13.015542,8.93026,-4.085282,-0.0183
zone,17.580085,13.126629,-4.453456,-0.02
