{
  "version": 1,
  "matrix_type": "10_red_guard_6_to_5",
  "row_weights": {
    "1": 0.233333,
    "5": 0.223809,
    "2": 0.209524,
    "3": 0.180952,
    "4": 0.152381
  },
  "row_scores": {
    "1": 1.289474,
    "5": 1.236842,
    "2": 1.157895,
    "3": 1.0,
    "4": 0.842105
  },
  "origin": "analyze_archive"
}