agent,all_time_score,recent_score,delta,weight_delta
balanced,15.441132,10.702319,-4.738813,-0.0175
cold,9.718483,6.900252,-2.818231,-0.0104
cycle,12.69396,9.9247,-2.76926,-0.0102
hot,18.096239,13.643649,-4.45259,-0.0165
missing,11.411859,8.495268,-2.916591,-0.0108
random,13.75089,9.430546,-4.320344,-0.016
sum,8.748383,6.267926,-2.480457,-0.0092
zone,20.587035,15.178839,-5.408196,-0.02
