agent,all_time_score,recent_score,delta,weight_delta
balanced,23.406676,18.911979,-4.494697,-0.0185
cold,12.957882,10.268921,-2.688961,-0.0111
cycle,14.668958,12.050805,-2.618153,-0.0108
hot,18.338949,14.029336,-4.309613,-0.0178
missing,15.813658,13.031439,-2.782219,-0.0115
random,14.047355,9.844208,-4.203147,-0.0173
sum,11.804365,9.323908,-2.480457,-0.0102
zone,24.344945,19.490784,-4.854161,-0.02
