agent,all_time_score,recent_score,delta,weight_delta
balanced,30.278647,20.665323,-9.613324,-0.0162
cold,18.481694,11.824572,-6.657122,-0.0112
cycle,23.669096,15.979987,-7.689109,-0.0129
hot,30.415989,19.900532,-10.515457,-0.0177
missing,20.946009,14.610013,-6.335996,-0.0106
random,22.558156,13.976948,-8.581208,-0.0144
sum,13.636834,8.056083,-5.580751,-0.0094
zone,36.219716,24.320394,-11.899322,-0.02
